{ "lni-zoom-out": 59906, "lni-zoom-in": 59907, "lni-zip": 59908, "lni-website": 59909, "lni-website-alt": 59910, "lni-users": 59911, "lni-user": 59912, "lni-upload": 59913, "lni-unlink": 59914, "lni-trash-can": 59915, "lni-timer": 59916, "lni-tab": 59917, "lni-star-half": 59918, "lni-star-fill": 59919, "lni-star-empty": 59920, "lni-signal": 59921, "lni-shortcode": 59922, "lni-shopping-basket": 59923, "lni-share": 59924, "lni-share-alt": 59925, "lni-search": 59926, "lni-search-alt": 59927, "lni-scroll-down": 59928, "lni-save": 59929, "lni-rss-feed": 59930, "lni-rocket": 59931, "lni-remove-file": 59932, "lni-reload": 59933, "lni-printer": 59934, "lni-plug": 59935, "lni-package": 59936, "lni-mouse": 59937, "lni-mobile": 59938, "lni-microphone": 59939, "lni-mic": 59940, "lni-menu": 59941, "lni-map": 59942, "lni-map-marker": 59943, "lni-magnifier": 59944, "lni-magnet": 59945, "lni-link": 59946, "lni-laptop": 59947, "lni-laptop-phone": 59948, "lni-keyboard": 59949, "lni-image": 59950, "lni-headphone": 59951, "lni-harddrive": 59952, "lni-game": 59953, "lni-folder": 59954, "lni-files": 59955, "lni-empty-file": 59956, "lni-download": 59957, "lni-domain": 59958, "lni-display": 59959, "lni-display-alt": 59960, "lni-database": 59961, "lni-dashboard": 59962, "lni-cut": 59963, "lni-control-panel": 59964, "lni-cogs": 59965, "lni-cog": 59966, "lni-code": 59967, "lni-code-alt": 59968, "lni-cloud-upload": 59969, "lni-cloud-sync": 59970, "lni-cloud-network": 59971, "lni-cloud-download": 59972, "lni-cloud-check": 59973, "lni-camera": 59974, "lni-calendar": 59975, "lni-bulb": 59976, "lni-bookmark": 59977, "lni-bookmark-alt": 59978, "lni-bluetooth": 59979, "lni-ban": 59980, "lni-archive": 59981, "lni-alarm": 59982, "lni-alarm-clock": 59983, "lni-add-files": 59984, "lni-thunder": 59985, "lni-thunder-alt": 59986, "lni-sun": 59987, "lni-rain": 59988, "lni-night": 59989, "lni-drop": 59990, "lni-cloudy-sun": 59991, "lni-cloud": 59992, "lni-travel": 59993, "lni-surf-board": 59994, "lni-pyramids": 59995, "lni-underline": 59996, "lni-text-format": 59997, "lni-text-format-remove": 59998, "lni-text-align-right": 59999, "lni-text-align-left": 60000, "lni-text-align-justify": 60001, "lni-text-align-center": 60002, "lni-strikethrough": 60003, "lni-spellcheck": 60004, "lni-sort-amount-dsc": 60005, "lni-sort-amount-asc": 60006, "lni-sort-alpha-asc": 60007, "lni-pilcrow": 60008, "lni-pagination": 60009, "lni-page-break": 60010, "lni-line-spacing": 60011, "lni-line-double": 60012, "lni-line-dotted": 60013, "lni-line-dashed": 60014, "lni-italic": 60015, "lni-indent-increase": 60016, "lni-indent-decrease": 60017, "lni-bold": 60018, "lni-spinner": 60019, "lni-spinner-solid": 60020, "lni-spinner-arrow": 60021, "lni-hourglass": 60022, "lni-tounge": 60023, "lni-suspect": 60024, "lni-speechless": 60025, "lni-smile": 60026, "lni-sad": 60027, "lni-happy": 60028, "lni-friendly": 60029, "lni-cool": 60030, "lni-thought": 60031, "lni-t-shirt": 60032, "lni-home": 60033, "lni-gift": 60034, "lni-cup": 60035, "lni-crown": 60036, "lni-briefcase": 60037, "lni-spray": 60038, "lni-flags-alt-1": 60039, "lni-fireworks": 60040, "lni-candy": 60041, "lni-candy-cane": 60042, "lni-cake": 60043, "lni-baloon": 60044, "lni-trees": 60045, "lni-tree": 60046, "lni-sprout": 60047, "lni-mushroom": 60048, "lni-mashroom": 60049, "lni-leaf": 60050, "lni-island": 60051, "lni-flower": 60052, "lni-bug": 60053, "lni-volume": 60054, "lni-volume-mute": 60055, "lni-volume-medium": 60056, "lni-volume-low": 60057, "lni-volume-high": 60058, "lni-video": 60059, "lni-stop": 60060, "lni-shuffle": 60061, "lni-play": 60062, "lni-pause": 60063, "lni-gallery": 60064, "lni-full-screen": 60065, "lni-frame-expand": 60066, "lni-forward": 60067, "lni-backward": 60068, "lni-target-customer": 60069, "lni-seo": 60070, "lni-network": 60071, "lni-keyword-research": 60072, "lni-graph": 60073, "lni-bar-chart": 60074, "lni-warning": 60075, "lni-unlock": 60076, "lni-ticket": 60077, "lni-ticket-alt": 60078, "lni-thumbs-up": 60079, "lni-thumbs-down": 60080, "lni-teabag": 60081, "lni-shield": 60082, "lni-radio-button": 60083, "lni-question-circle": 60084, "lni-protection": 60085, "lni-power-switch": 60086, "lni-pointer": 60087, "lni-plus": 60088, "lni-music": 60089, "lni-more": 60090, "lni-more-alt": 60091, "lni-minus": 60092, "lni-lock": 60093, "lni-lock-alt": 60094, "lni-list": 60095, "lni-lifering": 60096, "lni-key": 60097, "lni-invention": 60098, "lni-information": 60099, "lni-infinite": 60100, "lni-help": 60101, "lni-heart": 60102, "lni-heart-fill": 60103, "lni-hand": 60104, "lni-funnel": 60105, "lni-flag": 60106, "lni-flag-alt": 60107, "lni-eye": 60108, "lni-cross-circle": 60109, "lni-close": 60110, "lni-circle-plus": 60111, "lni-circle-minus": 60112, "lni-checkmark": 60113, "lni-checkmark-circle": 60114, "lni-check-box": 60115, "lni-bolt": 60116, "lni-bolt-alt": 60117, "lni-wheelchair": 60118, "lni-weight": 60119, "lni-syringe": 60120, "lni-sthethoscope": 60121, "lni-slim": 60122, "lni-skipping-rope": 60123, "lni-pulse": 60124, "lni-microscope": 60125, "lni-hospital": 60126, "lni-heart-monitor": 60127, "lni-first-aid": 60128, "lni-dumbbell": 60129, "lni-capsule": 60130, "lni-basketball": 60131, "lni-ambulance": 60132, "lni-service": 60133, "lni-restaurant": 60134, "lni-pizza": 60135, "lni-juice": 60136, "lni-fresh-juice": 60137, "lni-dinner": 60138, "lni-coffee-cup": 60139, "lni-chef-hat": 60140, "lni-burger": 60141, "lni-write": 60142, "lni-world": 60143, "lni-world-alt": 60144, "lni-school-bench": 60145, "lni-school-bench-alt": 60146, "lni-pencil": 60147, "lni-pencil-alt": 60148, "lni-library": 60149, "lni-graduation": 60150, "lni-eraser": 60151, "lni-compass": 60152, "lni-clipboard": 60153, "lni-certificate": 60154, "lni-book": 60155, "lni-blackboard": 60156, "lni-shift-right": 60157, "lni-shift-left": 60158, "lni-pointer-top": 60159, "lni-pointer-right": 60160, "lni-pointer-left": 60161, "lni-pointer-down": 60162, "lni-exit": 60163, "lni-exit-up": 60164, "lni-exit-down": 60165, "lni-enter": 60166, "lni-direction": 60167, "lni-direction-rtl": 60168, "lni-direction-ltr": 60169, "lni-direction-alt": 60170, "lni-chevron-up": 60171, "lni-chevron-up-circle": 60172, "lni-chevron-right": 60173, "lni-chevron-right-circle": 60174, "lni-chevron-left": 60175, "lni-chevron-left-circle": 60176, "lni-chevron-down": 60177, "lni-chevron-down-circle": 60178, "lni-arrows-vertical": 60179, "lni-arrows-horizontal": 60180, "lni-arrow-up": 60181, "lni-arrow-up-circle": 60182, "lni-arrow-top-right": 60183, "lni-arrow-top-left": 60184, "lni-arrow-right": 60185, "lni-arrow-right-circle": 60186, "lni-arrow-left": 60187, "lni-arrow-left-circle": 60188, "lni-arrow-down": 60189, "lni-arrow-down-circle": 60190, "lni-angle-double-up": 60191, "lni-angle-double-right": 60192, "lni-angle-double-left": 60193, "lni-angle-double-down": 60194, "lni-vector": 60195, "lni-ux": 60196, "lni-slice": 60197, "lni-select-cursor": 60198, "lni-pallet": 60199, "lni-move": 60200, "lni-layout": 60201, "lni-layers": 60202, "lni-highlight": 60203, "lni-highlight-alt": 60204, "lni-grid": 60205, "lni-grid-alt": 60206, "lni-crop": 60207, "lni-brush": 60208, "lni-brush-alt": 60209, "lni-yen": 60210, "lni-wallet": 60211, "lni-rupee": 60212, "lni-pound": 60213, "lni-money-protection": 60214, "lni-money-location": 60215, "lni-euro": 60216, "lni-dollar": 60217, "lni-diamond-shape": 60218, "lni-diamond-alt": 60219, "lni-credit-cards": 60220, "lni-coin": 60221, "lni-calculator": 60222, "lni-calculator-alt": 60223, "lni-wheelbarrow": 60224, "lni-trowel": 60225, "lni-shovel": 60226, "lni-ruler": 60227, "lni-ruler-pencil": 60228, "lni-ruler-alt": 60229, "lni-paint-roller": 60230, "lni-paint-bucket-alt": 60231, "lni-helmet": 60232, "lni-hammer": 60233, "lni-construction": 60234, "lni-construction-hammer": 60235, "lni-bricks": 60236, "lni-train": 60237, "lni-train-alt": 60238, "lni-taxi": 60239, "lni-support": 60240, "lni-ship": 60241, "lni-scooter": 60242, "lni-road": 60243, "lni-reply": 60244, "lni-postcard": 60245, "lni-popup": 60246, "lni-plane": 60247, "lni-phone": 60248, "lni-phone-set": 60249, "lni-inbox": 60250, "lni-helicopter": 60251, "lni-envelope": 60252, "lni-comments": 60253, "lni-comments-reply": 60254, "lni-comments-alt-2": 60255, "lni-caravan": 60256, "lni-car": 60257, "lni-car-alt": 60258, "lni-bus": 60259, "lni-bullhorn": 60260, "lni-bubble": 60261, "lni-bridge": 60262, "lni-bi-cycle": 60263, "lni-anchor": 60264, "lni-target": 60265, "lni-target-revenue": 60266, "lni-tag": 60267, "lni-stats-up": 60268, "lni-stats-down": 60269, "lni-stamp": 60270, "lni-revenue": 60271, "lni-quotation": 60272, "lni-pin": 60273, "lni-pie-chart": 60274, "lni-paperclip": 60275, "lni-offer": 60276, "lni-notepad": 60277, "lni-license": 60278, "lni-investment": 60279, "lni-invest-monitor": 60280, "lni-handshake": 60281, "lni-grow": 60282, "lni-delivery": 60283, "lni-customer": 60284, "lni-consulting": 60285, "lni-cart": 60286, "lni-cart-full": 60287, "lni-briefcase-alt": 60288, "lni-apartment": 60289, "lni-agenda": 60290, "lni-zoom": 60291, "lni-zapier": 60292, "lni-youtube": 60293, "lni-ycombinator": 60294, "lni-yahoo": 60295, "lni-xrp": 60296, "lni-xbox": 60297, "lni-wordpress": 60298, "lni-wordpress-fill": 60299, "lni-windows": 60300, "lni-whatsapp": 60301, "lni-wechat": 60302, "lni-webhooks": 60303, "lni-vuejs": 60304, "lni-vs-code": 60305, "lni-volkswagen": 60306, "lni-vmware": 60307, "lni-vk": 60308, "lni-visa": 60309, "lni-vimeo": 60310, "lni-vercel": 60311, "lni-unsplash": 60312, "lni-ubuntu": 60313, "lni-typescript": 60314, "lni-twitter": 60315, "lni-twitter-original": 60316, "lni-twitter-fill": 60317, "lni-twitch": 60318, "lni-tumblr": 60319, "lni-trello": 60320, "lni-toyota": 60321, "lni-tiktok": 60322, "lni-tiktok-alt": 60323, "lni-tesla": 60324, "lni-telegram": 60325, "lni-telegram-original": 60326, "lni-tailwindcss": 60327, "lni-swift": 60328, "lni-svelte": 60329, "lni-stumbleupon": 60330, "lni-stripe": 60331, "lni-steam": 60332, "lni-stackoverflow": 60333, "lni-squarespace": 60334, "lni-spotify": 60335, "lni-spotify-original": 60336, "lni-soundcloud": 60337, "lni-soundcloud-original": 60338, "lni-snapchat": 60339, "lni-slideshare": 60340, "lni-slack": 60341, "lni-slack-line": 60342, "lni-skype": 60343, "lni-sketch": 60344, "lni-signal-app": 60345, "lni-shopify": 60346, "lni-safari": 60347, "lni-reddit": 60348, "lni-react": 60349, "lni-quora": 60350, "lni-python": 60351, "lni-producthunt": 60352, "lni-postman": 60353, "lni-postgresql": 60354, "lni-playstation": 60355, "lni-play-store": 60356, "lni-play-store-fill": 60357, "lni-play-store-alt": 60358, "lni-pinterest": 60359, "lni-php": 60360, "lni-paypal": 60361, "lni-paypal-original": 60362, "lni-patreon": 60363, "lni-paddle": 60364, "lni-opera": 60365, "lni-oculus": 60366, "lni-npm": 60367, "lni-notion": 60368, "lni-nodejs": 60369, "lni-nodejs-alt": 60370, "lni-nissan": 60371, "lni-nextjs": 60372, "lni-netlify": 60373, "lni-netflix": 60374, "lni-mysql": 60375, "lni-mongodb": 60376, "lni-microsoft": 60377, "lni-microsoft-teams": 60378, "lni-microsoft-edge": 60379, "lni-meta": 60380, "lni-meta-2": 60381, "lni-meta-1": 60382, "lni-mercedes": 60383, "lni-medium": 60384, "lni-medium-alt": 60385, "lni-mastercard": 60386, "lni-markdown": 60387, "lni-mailchimp": 60388, "lni-magento": 60389, "lni-linkedin": 60390, "lni-linkedin-original": 60391, "lni-lineicons": 60392, "lni-lineicons-symbol": 60393, "lni-lineicons-symbol-alt": 60394, "lni-lineicons-symbol-alt-2": 60395, "lni-lineicons-alt": 60396, "lni-line": 60397, "lni-laravel": 60398, "lni-kubernetes": 60399, "lni-jsfiddle": 60400, "lni-joomla": 60401, "lni-joomla-original": 60402, "lni-jcb": 60403, "lni-javascript": 60404, "lni-java": 60405, "lni-jamstack": 60406, "lni-jaguar": 60407, "lni-ios": 60408, "lni-instagram": 60409, "lni-instagram-original": 60410, "lni-instagram-fill": 60411, "lni-imdb": 60412, "lni-html5": 60413, "lni-hacker-news": 60414, "lni-grammarly": 60415, "lni-google": 60416, "lni-google-wallet": 60417, "lni-google-pay": 60418, "lni-google-drive": 60419, "lni-google-cloud": 60420, "lni-google-meet": 60421, "lni-goodreads": 60422, "lni-go": 60423, "lni-github": 60424, "lni-github-original": 60425, "lni-git": 60426, "lni-gatsby": 60427, "lni-ford": 60428, "lni-flutter": 60429, "lni-flickr": 60430, "lni-fitbit": 60431, "lni-firefox": 60432, "lni-firefox-original": 60433, "lni-firebase": 60434, "lni-figma": 60435, "lni-facetime": 60436, "lni-facebook": 60437, "lni-facebook-oval": 60438, "lni-facebook-original": 60439, "lni-facebook-messenger": 60440, "lni-facebook-line": 60441, "lni-facebook-fill": 60442, "lni-ethereum": 60443, "lni-envato": 60444, "lni-edge": 60445, "lni-drupal": 60446, "lni-drupal-original": 60447, "lni-dropbox": 60448, "lni-dropbox-original": 60449, "lni-dribbble": 60450, "lni-docker": 60451, "lni-discover": 60452, "lni-discord": 60453, "lni-discord-alt": 60454, "lni-diners-club": 60455, "lni-digitalocean": 60456, "lni-dialogflow": 60457, "lni-dev": 60458, "lni-css3": 60459, "lni-creative-commons": 60460, "lni-cpanel": 60461, "lni-coral": 60462, "lni-connectdevelop": 60463, "lni-coinbase": 60464, "lni-codepen": 60465, "lni-cloudflare": 60466, "lni-cisco": 60467, "lni-chromecast": 60468, "lni-chrome": 60469, "lni-cash-app": 60470, "lni-btc": 60471, "lni-brave": 60472, "lni-bootstrap": 60473, "lni-bootstrap-5": 60474, "lni-bmw": 60475, "lni-bluetooth-original": 60476, "lni-blogger": 60477, "lni-bittorrent": 60478, "lni-bitcoin": 60479, "lni-bitbucket": 60480, "lni-behance": 60481, "lni-behance-original": 60482, "lni-azure": 60483, "lni-aws": 60484, "lni-audi": 60485, "lni-atlassian": 60486, "lni-apple-pay": 60487, "lni-apple-music": 60488, "lni-apple-brand": 60489, "lni-app-store": 60490, "lni-angular": 60491, "lni-angellist": 60492, "lni-android": 60493, "lni-android-original": 60494, "lni-amex": 60495, "lni-amazon": 60496, "lni-amazon-pay": 60497, "lni-amazon-original": 60498, "lni-airtable": 60499, "lni-airbnb": 60500, "lni-adobe": 60501, "lni-500px": 60502}